Causa de muerte	Sexo	Edad	Comunidades y Ciudades Autónomas	Periodo	Total
098  Suicidio y lesiones autoinfligidas	Total	Todas las edades	01 Andalucía	2020	793
098  Suicidio y lesiones autoinfligidas	Total	Todas las edades	01 Andalucía	2019	640
098  Suicidio y lesiones autoinfligidas	Total	Todas las edades	01 Andalucía	2018	653
098  Suicidio y lesiones autoinfligidas	Total	Todas las edades	01 Andalucía	2017	692
098  Suicidio y lesiones autoinfligidas	Total	Todas las edades	01 Andalucía	2016	668
098  Suicidio y lesiones autoinfligidas	Total	Todas las edades	01 Andalucía	2015	682
098  Suicidio y lesiones autoinfligidas	Total	Todas las edades	01 Andalucía	2014	784
098  Suicidio y lesiones autoinfligidas	Total	Todas las edades	01 Andalucía	2013	808
098  Suicidio y lesiones autoinfligidas	Total	Todas las edades	01 Andalucía	2012	781
098  Suicidio y lesiones autoinfligidas	Total	Todas las edades	01 Andalucía	2011	651
098  Suicidio y lesiones autoinfligidas	Total	Todas las edades	01 Andalucía	2010	685
098  Suicidio y lesiones autoinfligidas	Total	Todas las edades	01 Andalucía	2009	750
098  Suicidio y lesiones autoinfligidas	Total	Todas las edades	01 Andalucía	2008	823
098  Suicidio y lesiones autoinfligidas	Total	Todas las edades	01 Andalucía	2007	709
098  Suicidio y lesiones autoinfligidas	Total	Todas las edades	01 Andalucía	2006	727
098  Suicidio y lesiones autoinfligidas	Total	Todas las edades	01 Andalucía	2005	697
098  Suicidio y lesiones autoinfligidas	Total	Todas las edades	01 Andalucía	2004	696
098  Suicidio y lesiones autoinfligidas	Total	Todas las edades	01 Andalucía	2003	741
098  Suicidio y lesiones autoinfligidas	Total	Todas las edades	01 Andalucía	2002	671
098  Suicidio y lesiones autoinfligidas	Total	Todas las edades	01 Andalucía	2001	657
098  Suicidio y lesiones autoinfligidas	Total	Todas las edades	01 Andalucía	2000	701
098  Suicidio y lesiones autoinfligidas	Total	Todas las edades	02 Aragón	2020	102
098  Suicidio y lesiones autoinfligidas	Total	Todas las edades	02 Aragón	2019	109
098  Suicidio y lesiones autoinfligidas	Total	Todas las edades	02 Aragón	2018	120
098  Suicidio y lesiones autoinfligidas	Total	Todas las edades	02 Aragón	2017	100
098  Suicidio y lesiones autoinfligidas	Total	Todas las edades	02 Aragón	2016	113
098  Suicidio y lesiones autoinfligidas	Total	Todas las edades	02 Aragón	2015	131
098  Suicidio y lesiones autoinfligidas	Total	Todas las edades	02 Aragón	2014	116
098  Suicidio y lesiones autoinfligidas	Total	Todas las edades	02 Aragón	2013	98
098  Suicidio y lesiones autoinfligidas	Total	Todas las edades	02 Aragón	2012	99
098  Suicidio y lesiones autoinfligidas	Total	Todas las edades	02 Aragón	2011	89
098  Suicidio y lesiones autoinfligidas	Total	Todas las edades	02 Aragón	2010	95
098  Suicidio y lesiones autoinfligidas	Total	Todas las edades	02 Aragón	2009	114
098  Suicidio y lesiones autoinfligidas	Total	Todas las edades	02 Aragón	2008	100
098  Suicidio y lesiones autoinfligidas	Total	Todas las edades	02 Aragón	2007	101
098  Suicidio y lesiones autoinfligidas	Total	Todas las edades	02 Aragón	2006	84
098  Suicidio y lesiones autoinfligidas	Total	Todas las edades	02 Aragón	2005	102
098  Suicidio y lesiones autoinfligidas	Total	Todas las edades	02 Aragón	2004	107
098  Suicidio y lesiones autoinfligidas	Total	Todas las edades	02 Aragón	2003	89
098  Suicidio y lesiones autoinfligidas	Total	Todas las edades	02 Aragón	2002	118
098  Suicidio y lesiones autoinfligidas	Total	Todas las edades	02 Aragón	2001	91
098  Suicidio y lesiones autoinfligidas	Total	Todas las edades	02 Aragón	2000	97
098  Suicidio y lesiones autoinfligidas	Total	Todas las edades	03 Asturias, Principado de	2020	122
098  Suicidio y lesiones autoinfligidas	Total	Todas las edades	03 Asturias, Principado de	2019	128
098  Suicidio y lesiones autoinfligidas	Total	Todas las edades	03 Asturias, Principado de	2018	138
098  Suicidio y lesiones autoinfligidas	Total	Todas las edades	03 Asturias, Principado de	2017	134
098  Suicidio y lesiones autoinfligidas	Total	Todas las edades	03 Asturias, Principado de	2016	134
098  Suicidio y lesiones autoinfligidas	Total	Todas las edades	03 Asturias, Principado de	2015	135
098  Suicidio y lesiones autoinfligidas	Total	Todas las edades	03 Asturias, Principado de	2014	149
098  Suicidio y lesiones autoinfligidas	Total	Todas las edades	03 Asturias, Principado de	2013	148
098  Suicidio y lesiones autoinfligidas	Total	Todas las edades	03 Asturias, Principado de	2012	132
098  Suicidio y lesiones autoinfligidas	Total	Todas las edades	03 Asturias, Principado de	2011	120
098  Suicidio y lesiones autoinfligidas	Total	Todas las edades	03 Asturias, Principado de	2010	149
098  Suicidio y lesiones autoinfligidas	Total	Todas las edades	03 Asturias, Principado de	2009	117
098  Suicidio y lesiones autoinfligidas	Total	Todas las edades	03 Asturias, Principado de	2008	113
098  Suicidio y lesiones autoinfligidas	Total	Todas las edades	03 Asturias, Principado de	2007	125
098  Suicidio y lesiones autoinfligidas	Total	Todas las edades	03 Asturias, Principado de	2006	127
098  Suicidio y lesiones autoinfligidas	Total	Todas las edades	03 Asturias, Principado de	2005	124
098  Suicidio y lesiones autoinfligidas	Total	Todas las edades	03 Asturias, Principado de	2004	131
098  Suicidio y lesiones autoinfligidas	Total	Todas las edades	03 Asturias, Principado de	2003	125
098  Suicidio y lesiones autoinfligidas	Total	Todas las edades	03 Asturias, Principado de	2002	135
098  Suicidio y lesiones autoinfligidas	Total	Todas las edades	03 Asturias, Principado de	2001	136
098  Suicidio y lesiones autoinfligidas	Total	Todas las edades	03 Asturias, Principado de	2000	156
098  Suicidio y lesiones autoinfligidas	Total	Todas las edades	04 Balears, Illes	2020	87
098  Suicidio y lesiones autoinfligidas	Total	Todas las edades	04 Balears, Illes	2019	97
098  Suicidio y lesiones autoinfligidas	Total	Todas las edades	04 Balears, Illes	2018	71
098  Suicidio y lesiones autoinfligidas	Total	Todas las edades	04 Balears, Illes	2017	103
098  Suicidio y lesiones autoinfligidas	Total	Todas las edades	04 Balears, Illes	2016	92
098  Suicidio y lesiones autoinfligidas	Total	Todas las edades	04 Balears, Illes	2015	93
098  Suicidio y lesiones autoinfligidas	Total	Todas las edades	04 Balears, Illes	2014	97
098  Suicidio y lesiones autoinfligidas	Total	Todas las edades	04 Balears, Illes	2013	104
098  Suicidio y lesiones autoinfligidas	Total	Todas las edades	04 Balears, Illes	2012	90
098  Suicidio y lesiones autoinfligidas	Total	Todas las edades	04 Balears, Illes	2011	87
098  Suicidio y lesiones autoinfligidas	Total	Todas las edades	04 Balears, Illes	2010	96
098  Suicidio y lesiones autoinfligidas	Total	Todas las edades	04 Balears, Illes	2009	104
098  Suicidio y lesiones autoinfligidas	Total	Todas las edades	04 Balears, Illes	2008	80
098  Suicidio y lesiones autoinfligidas	Total	Todas las edades	04 Balears, Illes	2007	77
098  Suicidio y lesiones autoinfligidas	Total	Todas las edades	04 Balears, Illes	2006	68
098  Suicidio y lesiones autoinfligidas	Total	Todas las edades	04 Balears, Illes	2005	70
098  Suicidio y lesiones autoinfligidas	Total	Todas las edades	04 Balears, Illes	2004	68
098  Suicidio y lesiones autoinfligidas	Total	Todas las edades	04 Balears, Illes	2003	71
098  Suicidio y lesiones autoinfligidas	Total	Todas las edades	04 Balears, Illes	2002	58
098  Suicidio y lesiones autoinfligidas	Total	Todas las edades	04 Balears, Illes	2001	48
098  Suicidio y lesiones autoinfligidas	Total	Todas las edades	04 Balears, Illes	2000	59
098  Suicidio y lesiones autoinfligidas	Total	Todas las edades	05 Canarias	2020	208
098  Suicidio y lesiones autoinfligidas	Total	Todas las edades	05 Canarias	2019	197
098  Suicidio y lesiones autoinfligidas	Total	Todas las edades	05 Canarias	2018	193
098  Suicidio y lesiones autoinfligidas	Total	Todas las edades	05 Canarias	2017	200
098  Suicidio y lesiones autoinfligidas	Total	Todas las edades	05 Canarias	2016	183
098  Suicidio y lesiones autoinfligidas	Total	Todas las edades	05 Canarias	2015	190
098  Suicidio y lesiones autoinfligidas	Total	Todas las edades	05 Canarias	2014	178
098  Suicidio y lesiones autoinfligidas	Total	Todas las edades	05 Canarias	2013	185
098  Suicidio y lesiones autoinfligidas	Total	Todas las edades	05 Canarias	2012	189
098  Suicidio y lesiones autoinfligidas	Total	Todas las edades	05 Canarias	2011	142
098  Suicidio y lesiones autoinfligidas	Total	Todas las edades	05 Canarias	2010	156
098  Suicidio y lesiones autoinfligidas	Total	Todas las edades	05 Canarias	2009	160
098  Suicidio y lesiones autoinfligidas	Total	Todas las edades	05 Canarias	2008	183
098  Suicidio y lesiones autoinfligidas	Total	Todas las edades	05 Canarias	2007	157
098  Suicidio y lesiones autoinfligidas	Total	Todas las edades	05 Canarias	2006	170
098  Suicidio y lesiones autoinfligidas	Total	Todas las edades	05 Canarias	2005	158
098  Suicidio y lesiones autoinfligidas	Total	Todas las edades	05 Canarias	2004	145
098  Suicidio y lesiones autoinfligidas	Total	Todas las edades	05 Canarias	2003	129
098  Suicidio y lesiones autoinfligidas	Total	Todas las edades	05 Canarias	2002	130
098  Suicidio y lesiones autoinfligidas	Total	Todas las edades	05 Canarias	2001	120
098  Suicidio y lesiones autoinfligidas	Total	Todas las edades	05 Canarias	2000	142
098  Suicidio y lesiones autoinfligidas	Total	Todas las edades	06 Cantabria	2020	46
098  Suicidio y lesiones autoinfligidas	Total	Todas las edades	06 Cantabria	2019	36
098  Suicidio y lesiones autoinfligidas	Total	Todas las edades	06 Cantabria	2018	28
098  Suicidio y lesiones autoinfligidas	Total	Todas las edades	06 Cantabria	2017	27
098  Suicidio y lesiones autoinfligidas	Total	Todas las edades	06 Cantabria	2016	41
098  Suicidio y lesiones autoinfligidas	Total	Todas las edades	06 Cantabria	2015	38
098  Suicidio y lesiones autoinfligidas	Total	Todas las edades	06 Cantabria	2014	38
098  Suicidio y lesiones autoinfligidas	Total	Todas las edades	06 Cantabria	2013	32
098  Suicidio y lesiones autoinfligidas	Total	Todas las edades	06 Cantabria	2012	36
098  Suicidio y lesiones autoinfligidas	Total	Todas las edades	06 Cantabria	2011	37
098  Suicidio y lesiones autoinfligidas	Total	Todas las edades	06 Cantabria	2010	20
098  Suicidio y lesiones autoinfligidas	Total	Todas las edades	06 Cantabria	2009	33
098  Suicidio y lesiones autoinfligidas	Total	Todas las edades	06 Cantabria	2008	24
098  Suicidio y lesiones autoinfligidas	Total	Todas las edades	06 Cantabria	2007	16
098  Suicidio y lesiones autoinfligidas	Total	Todas las edades	06 Cantabria	2006	25
098  Suicidio y lesiones autoinfligidas	Total	Todas las edades	06 Cantabria	2005	31
098  Suicidio y lesiones autoinfligidas	Total	Todas las edades	06 Cantabria	2004	24
098  Suicidio y lesiones autoinfligidas	Total	Todas las edades	06 Cantabria	2003	34
098  Suicidio y lesiones autoinfligidas	Total	Todas las edades	06 Cantabria	2002	29
098  Suicidio y lesiones autoinfligidas	Total	Todas las edades	06 Cantabria	2001	25
098  Suicidio y lesiones autoinfligidas	Total	Todas las edades	06 Cantabria	2000	26
098  Suicidio y lesiones autoinfligidas	Total	Todas las edades	07 Castilla y León	2020	228
098  Suicidio y lesiones autoinfligidas	Total	Todas las edades	07 Castilla y León	2019	218
098  Suicidio y lesiones autoinfligidas	Total	Todas las edades	07 Castilla y León	2018	213
098  Suicidio y lesiones autoinfligidas	Total	Todas las edades	07 Castilla y León	2017	218
098  Suicidio y lesiones autoinfligidas	Total	Todas las edades	07 Castilla y León	2016	215
098  Suicidio y lesiones autoinfligidas	Total	Todas las edades	07 Castilla y León	2015	224
098  Suicidio y lesiones autoinfligidas	Total	Todas las edades	07 Castilla y León	2014	240
098  Suicidio y lesiones autoinfligidas	Total	Todas las edades	07 Castilla y León	2013	210
098  Suicidio y lesiones autoinfligidas	Total	Todas las edades	07 Castilla y León	2012	200
098  Suicidio y lesiones autoinfligidas	Total	Todas las edades	07 Castilla y León	2011	182
098  Suicidio y lesiones autoinfligidas	Total	Todas las edades	07 Castilla y León	2010	216
098  Suicidio y lesiones autoinfligidas	Total	Todas las edades	07 Castilla y León	2009	221
098  Suicidio y lesiones autoinfligidas	Total	Todas las edades	07 Castilla y León	2008	218
098  Suicidio y lesiones autoinfligidas	Total	Todas las edades	07 Castilla y León	2007	217
098  Suicidio y lesiones autoinfligidas	Total	Todas las edades	07 Castilla y León	2006	194
098  Suicidio y lesiones autoinfligidas	Total	Todas las edades	07 Castilla y León	2005	191
098  Suicidio y lesiones autoinfligidas	Total	Todas las edades	07 Castilla y León	2004	218
098  Suicidio y lesiones autoinfligidas	Total	Todas las edades	07 Castilla y León	2003	241
098  Suicidio y lesiones autoinfligidas	Total	Todas las edades	07 Castilla y León	2002	220
098  Suicidio y lesiones autoinfligidas	Total	Todas las edades	07 Castilla y León	2001	208
098  Suicidio y lesiones autoinfligidas	Total	Todas las edades	07 Castilla y León	2000	241
098  Suicidio y lesiones autoinfligidas	Total	Todas las edades	08 Castilla - La Mancha	2020	180
098  Suicidio y lesiones autoinfligidas	Total	Todas las edades	08 Castilla - La Mancha	2019	152
098  Suicidio y lesiones autoinfligidas	Total	Todas las edades	08 Castilla - La Mancha	2018	132
098  Suicidio y lesiones autoinfligidas	Total	Todas las edades	08 Castilla - La Mancha	2017	157
098  Suicidio y lesiones autoinfligidas	Total	Todas las edades	08 Castilla - La Mancha	2016	135
098  Suicidio y lesiones autoinfligidas	Total	Todas las edades	08 Castilla - La Mancha	2015	167
098  Suicidio y lesiones autoinfligidas	Total	Todas las edades	08 Castilla - La Mancha	2014	190
098  Suicidio y lesiones autoinfligidas	Total	Todas las edades	08 Castilla - La Mancha	2013	184
098  Suicidio y lesiones autoinfligidas	Total	Todas las edades	08 Castilla - La Mancha	2012	163
098  Suicidio y lesiones autoinfligidas	Total	Todas las edades	08 Castilla - La Mancha	2011	145
098  Suicidio y lesiones autoinfligidas	Total	Todas las edades	08 Castilla - La Mancha	2010	141
098  Suicidio y lesiones autoinfligidas	Total	Todas las edades	08 Castilla - La Mancha	2009	157
098  Suicidio y lesiones autoinfligidas	Total	Todas las edades	08 Castilla - La Mancha	2008	155
098  Suicidio y lesiones autoinfligidas	Total	Todas las edades	08 Castilla - La Mancha	2007	141
098  Suicidio y lesiones autoinfligidas	Total	Todas las edades	08 Castilla - La Mancha	2006	141
098  Suicidio y lesiones autoinfligidas	Total	Todas las edades	08 Castilla - La Mancha	2005	152
098  Suicidio y lesiones autoinfligidas	Total	Todas las edades	08 Castilla - La Mancha	2004	171
098  Suicidio y lesiones autoinfligidas	Total	Todas las edades	08 Castilla - La Mancha	2003	149
098  Suicidio y lesiones autoinfligidas	Total	Todas las edades	08 Castilla - La Mancha	2002	143
098  Suicidio y lesiones autoinfligidas	Total	Todas las edades	08 Castilla - La Mancha	2001	134
098  Suicidio y lesiones autoinfligidas	Total	Todas las edades	08 Castilla - La Mancha	2000	145
098  Suicidio y lesiones autoinfligidas	Total	Todas las edades	09 Cataluña	2020	556
098  Suicidio y lesiones autoinfligidas	Total	Todas las edades	09 Cataluña	2019	535
098  Suicidio y lesiones autoinfligidas	Total	Todas las edades	09 Cataluña	2018	522
098  Suicidio y lesiones autoinfligidas	Total	Todas las edades	09 Cataluña	2017	504
098  Suicidio y lesiones autoinfligidas	Total	Todas las edades	09 Cataluña	2016	510
098  Suicidio y lesiones autoinfligidas	Total	Todas las edades	09 Cataluña	2015	495
098  Suicidio y lesiones autoinfligidas	Total	Todas las edades	09 Cataluña	2014	531
098  Suicidio y lesiones autoinfligidas	Total	Todas las edades	09 Cataluña	2013	544
098  Suicidio y lesiones autoinfligidas	Total	Todas las edades	09 Cataluña	2012	526
098  Suicidio y lesiones autoinfligidas	Total	Todas las edades	09 Cataluña	2011	478
098  Suicidio y lesiones autoinfligidas	Total	Todas las edades	09 Cataluña	2010	418
098  Suicidio y lesiones autoinfligidas	Total	Todas las edades	09 Cataluña	2009	440
098  Suicidio y lesiones autoinfligidas	Total	Todas las edades	09 Cataluña	2008	425
098  Suicidio y lesiones autoinfligidas	Total	Todas las edades	09 Cataluña	2007	377
098  Suicidio y lesiones autoinfligidas	Total	Todas las edades	09 Cataluña	2006	381
098  Suicidio y lesiones autoinfligidas	Total	Todas las edades	09 Cataluña	2005	425
098  Suicidio y lesiones autoinfligidas	Total	Todas las edades	09 Cataluña	2004	485
098  Suicidio y lesiones autoinfligidas	Total	Todas las edades	09 Cataluña	2003	470
098  Suicidio y lesiones autoinfligidas	Total	Todas las edades	09 Cataluña	2002	500
098  Suicidio y lesiones autoinfligidas	Total	Todas las edades	09 Cataluña	2001	488
098  Suicidio y lesiones autoinfligidas	Total	Todas las edades	09 Cataluña	2000	471
098  Suicidio y lesiones autoinfligidas	Total	Todas las edades	10 Comunitat Valenciana	2020	440
098  Suicidio y lesiones autoinfligidas	Total	Todas las edades	10 Comunitat Valenciana	2019	450
098  Suicidio y lesiones autoinfligidas	Total	Todas las edades	10 Comunitat Valenciana	2018	396
098  Suicidio y lesiones autoinfligidas	Total	Todas las edades	10 Comunitat Valenciana	2017	397
098  Suicidio y lesiones autoinfligidas	Total	Todas las edades	10 Comunitat Valenciana	2016	336
098  Suicidio y lesiones autoinfligidas	Total	Todas las edades	10 Comunitat Valenciana	2015	348
098  Suicidio y lesiones autoinfligidas	Total	Todas las edades	10 Comunitat Valenciana	2014	380
098  Suicidio y lesiones autoinfligidas	Total	Todas las edades	10 Comunitat Valenciana	2013	399
098  Suicidio y lesiones autoinfligidas	Total	Todas las edades	10 Comunitat Valenciana	2012	406
098  Suicidio y lesiones autoinfligidas	Total	Todas las edades	10 Comunitat Valenciana	2011	332
098  Suicidio y lesiones autoinfligidas	Total	Todas las edades	10 Comunitat Valenciana	2010	400
098  Suicidio y lesiones autoinfligidas	Total	Todas las edades	10 Comunitat Valenciana	2009	381
098  Suicidio y lesiones autoinfligidas	Total	Todas las edades	10 Comunitat Valenciana	2008	371
098  Suicidio y lesiones autoinfligidas	Total	Todas las edades	10 Comunitat Valenciana	2007	396
098  Suicidio y lesiones autoinfligidas	Total	Todas las edades	10 Comunitat Valenciana	2006	363
098  Suicidio y lesiones autoinfligidas	Total	Todas las edades	10 Comunitat Valenciana	2005	388
098  Suicidio y lesiones autoinfligidas	Total	Todas las edades	10 Comunitat Valenciana	2004	358
098  Suicidio y lesiones autoinfligidas	Total	Todas las edades	10 Comunitat Valenciana	2003	362
098  Suicidio y lesiones autoinfligidas	Total	Todas las edades	10 Comunitat Valenciana	2002	300
098  Suicidio y lesiones autoinfligidas	Total	Todas las edades	10 Comunitat Valenciana	2001	338
098  Suicidio y lesiones autoinfligidas	Total	Todas las edades	10 Comunitat Valenciana	2000	355
098  Suicidio y lesiones autoinfligidas	Total	Todas las edades	11 Extremadura	2020	92
098  Suicidio y lesiones autoinfligidas	Total	Todas las edades	11 Extremadura	2019	79
098  Suicidio y lesiones autoinfligidas	Total	Todas las edades	11 Extremadura	2018	70
098  Suicidio y lesiones autoinfligidas	Total	Todas las edades	11 Extremadura	2017	77
098  Suicidio y lesiones autoinfligidas	Total	Todas las edades	11 Extremadura	2016	82
098  Suicidio y lesiones autoinfligidas	Total	Todas las edades	11 Extremadura	2015	58
098  Suicidio y lesiones autoinfligidas	Total	Todas las edades	11 Extremadura	2014	63
098  Suicidio y lesiones autoinfligidas	Total	Todas las edades	11 Extremadura	2013	74
098  Suicidio y lesiones autoinfligidas	Total	Todas las edades	11 Extremadura	2012	76
098  Suicidio y lesiones autoinfligidas	Total	Todas las edades	11 Extremadura	2011	70
098  Suicidio y lesiones autoinfligidas	Total	Todas las edades	11 Extremadura	2010	81
098  Suicidio y lesiones autoinfligidas	Total	Todas las edades	11 Extremadura	2009	73
098  Suicidio y lesiones autoinfligidas	Total	Todas las edades	11 Extremadura	2008	78
098  Suicidio y lesiones autoinfligidas	Total	Todas las edades	11 Extremadura	2007	74
098  Suicidio y lesiones autoinfligidas	Total	Todas las edades	11 Extremadura	2006	70
098  Suicidio y lesiones autoinfligidas	Total	Todas las edades	11 Extremadura	2005	89
098  Suicidio y lesiones autoinfligidas	Total	Todas las edades	11 Extremadura	2004	93
098  Suicidio y lesiones autoinfligidas	Total	Todas las edades	11 Extremadura	2003	69
098  Suicidio y lesiones autoinfligidas	Total	Todas las edades	11 Extremadura	2002	90
098  Suicidio y lesiones autoinfligidas	Total	Todas las edades	11 Extremadura	2001	67
098  Suicidio y lesiones autoinfligidas	Total	Todas las edades	11 Extremadura	2000	80
098  Suicidio y lesiones autoinfligidas	Total	Todas las edades	12 Galicia	2020	305
098  Suicidio y lesiones autoinfligidas	Total	Todas las edades	12 Galicia	2019	292
098  Suicidio y lesiones autoinfligidas	Total	Todas las edades	12 Galicia	2018	274
098  Suicidio y lesiones autoinfligidas	Total	Todas las edades	12 Galicia	2017	323
098  Suicidio y lesiones autoinfligidas	Total	Todas las edades	12 Galicia	2016	338
098  Suicidio y lesiones autoinfligidas	Total	Todas las edades	12 Galicia	2015	318
098  Suicidio y lesiones autoinfligidas	Total	Todas las edades	12 Galicia	2014	371
098  Suicidio y lesiones autoinfligidas	Total	Todas las edades	12 Galicia	2013	333
098  Suicidio y lesiones autoinfligidas	Total	Todas las edades	12 Galicia	2012	332
098  Suicidio y lesiones autoinfligidas	Total	Todas las edades	12 Galicia	2011	306
098  Suicidio y lesiones autoinfligidas	Total	Todas las edades	12 Galicia	2010	275
098  Suicidio y lesiones autoinfligidas	Total	Todas las edades	12 Galicia	2009	340
098  Suicidio y lesiones autoinfligidas	Total	Todas las edades	12 Galicia	2008	296
098  Suicidio y lesiones autoinfligidas	Total	Todas las edades	12 Galicia	2007	304
098  Suicidio y lesiones autoinfligidas	Total	Todas las edades	12 Galicia	2006	300
098  Suicidio y lesiones autoinfligidas	Total	Todas las edades	12 Galicia	2005	329
098  Suicidio y lesiones autoinfligidas	Total	Todas las edades	12 Galicia	2004	301
098  Suicidio y lesiones autoinfligidas	Total	Todas las edades	12 Galicia	2003	337
098  Suicidio y lesiones autoinfligidas	Total	Todas las edades	12 Galicia	2002	284
098  Suicidio y lesiones autoinfligidas	Total	Todas las edades	12 Galicia	2001	266
098  Suicidio y lesiones autoinfligidas	Total	Todas las edades	12 Galicia	2000	293
098  Suicidio y lesiones autoinfligidas	Total	Todas las edades	13 Madrid, Comunidad de	2020	373
098  Suicidio y lesiones autoinfligidas	Total	Todas las edades	13 Madrid, Comunidad de	2019	350
098  Suicidio y lesiones autoinfligidas	Total	Todas las edades	13 Madrid, Comunidad de	2018	342
098  Suicidio y lesiones autoinfligidas	Total	Todas las edades	13 Madrid, Comunidad de	2017	341
098  Suicidio y lesiones autoinfligidas	Total	Todas las edades	13 Madrid, Comunidad de	2016	305
098  Suicidio y lesiones autoinfligidas	Total	Todas las edades	13 Madrid, Comunidad de	2015	327
098  Suicidio y lesiones autoinfligidas	Total	Todas las edades	13 Madrid, Comunidad de	2014	345
098  Suicidio y lesiones autoinfligidas	Total	Todas las edades	13 Madrid, Comunidad de	2013	333
098  Suicidio y lesiones autoinfligidas	Total	Todas las edades	13 Madrid, Comunidad de	2012	95
098  Suicidio y lesiones autoinfligidas	Total	Todas las edades	13 Madrid, Comunidad de	2011	139
098  Suicidio y lesiones autoinfligidas	Total	Todas las edades	13 Madrid, Comunidad de	2010	122
098  Suicidio y lesiones autoinfligidas	Total	Todas las edades	13 Madrid, Comunidad de	2009	153
098  Suicidio y lesiones autoinfligidas	Total	Todas las edades	13 Madrid, Comunidad de	2008	179
098  Suicidio y lesiones autoinfligidas	Total	Todas las edades	13 Madrid, Comunidad de	2007	159
098  Suicidio y lesiones autoinfligidas	Total	Todas las edades	13 Madrid, Comunidad de	2006	219
098  Suicidio y lesiones autoinfligidas	Total	Todas las edades	13 Madrid, Comunidad de	2005	257
098  Suicidio y lesiones autoinfligidas	Total	Todas las edades	13 Madrid, Comunidad de	2004	304
098  Suicidio y lesiones autoinfligidas	Total	Todas las edades	13 Madrid, Comunidad de	2003	279
098  Suicidio y lesiones autoinfligidas	Total	Todas las edades	13 Madrid, Comunidad de	2002	267
098  Suicidio y lesiones autoinfligidas	Total	Todas las edades	13 Madrid, Comunidad de	2001	251
098  Suicidio y lesiones autoinfligidas	Total	Todas las edades	13 Madrid, Comunidad de	2000	223
098  Suicidio y lesiones autoinfligidas	Total	Todas las edades	14 Murcia, Región de	2020	122
098  Suicidio y lesiones autoinfligidas	Total	Todas las edades	14 Murcia, Región de	2019	125
098  Suicidio y lesiones autoinfligidas	Total	Todas las edades	14 Murcia, Región de	2018	127
098  Suicidio y lesiones autoinfligidas	Total	Todas las edades	14 Murcia, Región de	2017	98
098  Suicidio y lesiones autoinfligidas	Total	Todas las edades	14 Murcia, Región de	2016	119
098  Suicidio y lesiones autoinfligidas	Total	Todas las edades	14 Murcia, Región de	2015	106
098  Suicidio y lesiones autoinfligidas	Total	Todas las edades	14 Murcia, Región de	2014	106
098  Suicidio y lesiones autoinfligidas	Total	Todas las edades	14 Murcia, Región de	2013	102
098  Suicidio y lesiones autoinfligidas	Total	Todas las edades	14 Murcia, Región de	2012	106
098  Suicidio y lesiones autoinfligidas	Total	Todas las edades	14 Murcia, Región de	2011	116
098  Suicidio y lesiones autoinfligidas	Total	Todas las edades	14 Murcia, Región de	2010	90
098  Suicidio y lesiones autoinfligidas	Total	Todas las edades	14 Murcia, Región de	2009	97
098  Suicidio y lesiones autoinfligidas	Total	Todas las edades	14 Murcia, Región de	2008	115
098  Suicidio y lesiones autoinfligidas	Total	Todas las edades	14 Murcia, Región de	2007	101
098  Suicidio y lesiones autoinfligidas	Total	Todas las edades	14 Murcia, Región de	2006	124
098  Suicidio y lesiones autoinfligidas	Total	Todas las edades	14 Murcia, Región de	2005	101
098  Suicidio y lesiones autoinfligidas	Total	Todas las edades	14 Murcia, Región de	2004	120
098  Suicidio y lesiones autoinfligidas	Total	Todas las edades	14 Murcia, Región de	2003	95
098  Suicidio y lesiones autoinfligidas	Total	Todas las edades	14 Murcia, Región de	2002	99
098  Suicidio y lesiones autoinfligidas	Total	Todas las edades	14 Murcia, Región de	2001	90
098  Suicidio y lesiones autoinfligidas	Total	Todas las edades	14 Murcia, Región de	2000	112
098  Suicidio y lesiones autoinfligidas	Total	Todas las edades	15 Navarra, Comunidad Foral de	2020	44
098  Suicidio y lesiones autoinfligidas	Total	Todas las edades	15 Navarra, Comunidad Foral de	2019	46
098  Suicidio y lesiones autoinfligidas	Total	Todas las edades	15 Navarra, Comunidad Foral de	2018	39
098  Suicidio y lesiones autoinfligidas	Total	Todas las edades	15 Navarra, Comunidad Foral de	2017	48
098  Suicidio y lesiones autoinfligidas	Total	Todas las edades	15 Navarra, Comunidad Foral de	2016	51
098  Suicidio y lesiones autoinfligidas	Total	Todas las edades	15 Navarra, Comunidad Foral de	2015	53
098  Suicidio y lesiones autoinfligidas	Total	Todas las edades	15 Navarra, Comunidad Foral de	2014	47
098  Suicidio y lesiones autoinfligidas	Total	Todas las edades	15 Navarra, Comunidad Foral de	2013	52
098  Suicidio y lesiones autoinfligidas	Total	Todas las edades	15 Navarra, Comunidad Foral de	2012	48
098  Suicidio y lesiones autoinfligidas	Total	Todas las edades	15 Navarra, Comunidad Foral de	2011	51
098  Suicidio y lesiones autoinfligidas	Total	Todas las edades	15 Navarra, Comunidad Foral de	2010	39
098  Suicidio y lesiones autoinfligidas	Total	Todas las edades	15 Navarra, Comunidad Foral de	2009	59
098  Suicidio y lesiones autoinfligidas	Total	Todas las edades	15 Navarra, Comunidad Foral de	2008	52
098  Suicidio y lesiones autoinfligidas	Total	Todas las edades	15 Navarra, Comunidad Foral de	2007	62
098  Suicidio y lesiones autoinfligidas	Total	Todas las edades	15 Navarra, Comunidad Foral de	2006	41
098  Suicidio y lesiones autoinfligidas	Total	Todas las edades	15 Navarra, Comunidad Foral de	2005	56
098  Suicidio y lesiones autoinfligidas	Total	Todas las edades	15 Navarra, Comunidad Foral de	2004	59
098  Suicidio y lesiones autoinfligidas	Total	Todas las edades	15 Navarra, Comunidad Foral de	2003	53
098  Suicidio y lesiones autoinfligidas	Total	Todas las edades	15 Navarra, Comunidad Foral de	2002	56
098  Suicidio y lesiones autoinfligidas	Total	Todas las edades	15 Navarra, Comunidad Foral de	2001	44
098  Suicidio y lesiones autoinfligidas	Total	Todas las edades	15 Navarra, Comunidad Foral de	2000	46
098  Suicidio y lesiones autoinfligidas	Total	Todas las edades	16 País Vasco	2020	179
098  Suicidio y lesiones autoinfligidas	Total	Todas las edades	16 País Vasco	2019	137
098  Suicidio y lesiones autoinfligidas	Total	Todas las edades	16 País Vasco	2018	163
098  Suicidio y lesiones autoinfligidas	Total	Todas las edades	16 País Vasco	2017	182
098  Suicidio y lesiones autoinfligidas	Total	Todas las edades	16 País Vasco	2016	179
098  Suicidio y lesiones autoinfligidas	Total	Todas las edades	16 País Vasco	2015	168
098  Suicidio y lesiones autoinfligidas	Total	Todas las edades	16 País Vasco	2014	186
098  Suicidio y lesiones autoinfligidas	Total	Todas las edades	16 País Vasco	2013	181
098  Suicidio y lesiones autoinfligidas	Total	Todas las edades	16 País Vasco	2012	180
098  Suicidio y lesiones autoinfligidas	Total	Todas las edades	16 País Vasco	2011	172
098  Suicidio y lesiones autoinfligidas	Total	Todas las edades	16 País Vasco	2010	126
098  Suicidio y lesiones autoinfligidas	Total	Todas las edades	16 País Vasco	2009	167
098  Suicidio y lesiones autoinfligidas	Total	Todas las edades	16 País Vasco	2008	171
098  Suicidio y lesiones autoinfligidas	Total	Todas las edades	16 País Vasco	2007	179
098  Suicidio y lesiones autoinfligidas	Total	Todas las edades	16 País Vasco	2006	148
098  Suicidio y lesiones autoinfligidas	Total	Todas las edades	16 País Vasco	2005	170
098  Suicidio y lesiones autoinfligidas	Total	Todas las edades	16 País Vasco	2004	171
098  Suicidio y lesiones autoinfligidas	Total	Todas las edades	16 País Vasco	2003	162
098  Suicidio y lesiones autoinfligidas	Total	Todas las edades	16 País Vasco	2002	188
098  Suicidio y lesiones autoinfligidas	Total	Todas las edades	16 País Vasco	2001	153
098  Suicidio y lesiones autoinfligidas	Total	Todas las edades	16 País Vasco	2000	169
098  Suicidio y lesiones autoinfligidas	Total	Todas las edades	17 Rioja, La	2020	29
098  Suicidio y lesiones autoinfligidas	Total	Todas las edades	17 Rioja, La	2019	29
098  Suicidio y lesiones autoinfligidas	Total	Todas las edades	17 Rioja, La	2018	21
098  Suicidio y lesiones autoinfligidas	Total	Todas las edades	17 Rioja, La	2017	25
098  Suicidio y lesiones autoinfligidas	Total	Todas las edades	17 Rioja, La	2016	28
098  Suicidio y lesiones autoinfligidas	Total	Todas las edades	17 Rioja, La	2015	25
098  Suicidio y lesiones autoinfligidas	Total	Todas las edades	17 Rioja, La	2014	31
098  Suicidio y lesiones autoinfligidas	Total	Todas las edades	17 Rioja, La	2013	24
098  Suicidio y lesiones autoinfligidas	Total	Todas las edades	17 Rioja, La	2012	30
098  Suicidio y lesiones autoinfligidas	Total	Todas las edades	17 Rioja, La	2011	23
098  Suicidio y lesiones autoinfligidas	Total	Todas las edades	17 Rioja, La	2010	17
098  Suicidio y lesiones autoinfligidas	Total	Todas las edades	17 Rioja, La	2009	27
098  Suicidio y lesiones autoinfligidas	Total	Todas las edades	17 Rioja, La	2008	28
098  Suicidio y lesiones autoinfligidas	Total	Todas las edades	17 Rioja, La	2007	19
098  Suicidio y lesiones autoinfligidas	Total	Todas las edades	17 Rioja, La	2006	28
098  Suicidio y lesiones autoinfligidas	Total	Todas las edades	17 Rioja, La	2005	27
098  Suicidio y lesiones autoinfligidas	Total	Todas las edades	17 Rioja, La	2004	27
098  Suicidio y lesiones autoinfligidas	Total	Todas las edades	17 Rioja, La	2003	28
098  Suicidio y lesiones autoinfligidas	Total	Todas las edades	17 Rioja, La	2002	34
098  Suicidio y lesiones autoinfligidas	Total	Todas las edades	17 Rioja, La	2001	33
098  Suicidio y lesiones autoinfligidas	Total	Todas las edades	17 Rioja, La	2000	18
098  Suicidio y lesiones autoinfligidas	Total	Todas las edades	18 Ceuta	2020	4
098  Suicidio y lesiones autoinfligidas	Total	Todas las edades	18 Ceuta	2019	4
098  Suicidio y lesiones autoinfligidas	Total	Todas las edades	18 Ceuta	2018	1
098  Suicidio y lesiones autoinfligidas	Total	Todas las edades	18 Ceuta	2017	3
098  Suicidio y lesiones autoinfligidas	Total	Todas las edades	18 Ceuta	2016	4
098  Suicidio y lesiones autoinfligidas	Total	Todas las edades	18 Ceuta	2015	3
098  Suicidio y lesiones autoinfligidas	Total	Todas las edades	18 Ceuta	2014	6
098  Suicidio y lesiones autoinfligidas	Total	Todas las edades	18 Ceuta	2013	4
098  Suicidio y lesiones autoinfligidas	Total	Todas las edades	18 Ceuta	2012	3
098  Suicidio y lesiones autoinfligidas	Total	Todas las edades	18 Ceuta	2011	1
098  Suicidio y lesiones autoinfligidas	Total	Todas las edades	18 Ceuta	2010	4
098  Suicidio y lesiones autoinfligidas	Total	Todas las edades	18 Ceuta	2009	8
098  Suicidio y lesiones autoinfligidas	Total	Todas las edades	18 Ceuta	2008	2
098  Suicidio y lesiones autoinfligidas	Total	Todas las edades	18 Ceuta	2007	2
098  Suicidio y lesiones autoinfligidas	Total	Todas las edades	18 Ceuta	2006	1
098  Suicidio y lesiones autoinfligidas	Total	Todas las edades	18 Ceuta	2005	3
098  Suicidio y lesiones autoinfligidas	Total	Todas las edades	18 Ceuta	2004	3
098  Suicidio y lesiones autoinfligidas	Total	Todas las edades	18 Ceuta	2003	4
098  Suicidio y lesiones autoinfligidas	Total	Todas las edades	18 Ceuta	2002	4
098  Suicidio y lesiones autoinfligidas	Total	Todas las edades	18 Ceuta	2001	2
098  Suicidio y lesiones autoinfligidas	Total	Todas las edades	18 Ceuta	2000	4
098  Suicidio y lesiones autoinfligidas	Total	Todas las edades	19 Melilla	2020	4
098  Suicidio y lesiones autoinfligidas	Total	Todas las edades	19 Melilla	2019	1
098  Suicidio y lesiones autoinfligidas	Total	Todas las edades	19 Melilla	2018	1
098  Suicidio y lesiones autoinfligidas	Total	Todas las edades	19 Melilla	2017	2
098  Suicidio y lesiones autoinfligidas	Total	Todas las edades	19 Melilla	2016	2
098  Suicidio y lesiones autoinfligidas	Total	Todas las edades	19 Melilla	2015	4
098  Suicidio y lesiones autoinfligidas	Total	Todas las edades	19 Melilla	2014	5
098  Suicidio y lesiones autoinfligidas	Total	Todas las edades	19 Melilla	2013	1
098  Suicidio y lesiones autoinfligidas	Total	Todas las edades	19 Melilla	2012	6
098  Suicidio y lesiones autoinfligidas	Total	Todas las edades	19 Melilla	2011	5
098  Suicidio y lesiones autoinfligidas	Total	Todas las edades	19 Melilla	2010	1
098  Suicidio y lesiones autoinfligidas	Total	Todas las edades	19 Melilla	2009	5
098  Suicidio y lesiones autoinfligidas	Total	Todas las edades	19 Melilla	2008	7
098  Suicidio y lesiones autoinfligidas	Total	Todas las edades	19 Melilla	2007	6
098  Suicidio y lesiones autoinfligidas	Total	Todas las edades	19 Melilla	2006	0
098  Suicidio y lesiones autoinfligidas	Total	Todas las edades	19 Melilla	2005	2
098  Suicidio y lesiones autoinfligidas	Total	Todas las edades	19 Melilla	2004	2
098  Suicidio y lesiones autoinfligidas	Total	Todas las edades	19 Melilla	2003	1
098  Suicidio y lesiones autoinfligidas	Total	Todas las edades	19 Melilla	2002	3
098  Suicidio y lesiones autoinfligidas	Total	Todas las edades	19 Melilla	2001	2
098  Suicidio y lesiones autoinfligidas	Total	Todas las edades	19 Melilla	2000	2
